author,title,description,url,source,image,category,language,country,published_at
,Dólar,"Na quinta-feira (25), moeda norte-americana fechou em alta de 1,70%, a R$ 5,5129. Notas de dólarGary Cameron/ReutersO dólar abriu em alta nesta sexta-feira (26), após ter voltado a fechar na véspera acima de R$ 5,50.Às 9h10, a moeda norte-americana subia 0,42%, cotada a R$ 5,5363. Veja mais cotações. Na quinta-feira, o dólar fechou em alta de 1,7%, a R$ 5,5129, no maior patamar de fechamento desde 5 de novembro (R$ 5,5429), mesmo após intervenção do Banco Central. Na parcial do mês, passou a acumular alta de 0,98%. No ano, tem valorização de 6,28% ante o real. Por que a moeda...",https://g1.globo.com/economia/noticia/2021/02/26/dolar.ghtml,G1 - Economia,https://s2.glbimg.com/mwpwBWs8149TUS_xgsMaBoKsSiU=/i.s3.glbimg.com/v1/AUTH_59edd422c0c84a879bd37670ae4f538a/internal_photos/bs/2018/A/v/h4ku5DS5ap1fGCV2OPtQ/dolar2.jpg,business,pt,br,2021-02-26T12:10:31+00:00
Bloomberg,Iniciativa de dólar digital do Fed preocupa Wall Street,"Bancos, empresas de cartão de crédito e processadores de pagamentos observam com nervosismo a iniciativa de criar uma alternativa eletrônica para o dólarThe post Iniciativa de dólar digital do Fed preocupa Wall Street appeared first on InfoMoney.",https://www.infomoney.com.br/mercados/iniciativa-de-dolar-digital-do-fed-preocupa-wall-street/,InfoMoney,,business,pt,br,2021-03-22T19:58:25+00:00
Bloomberg,Mercado diz que só aumento agressivo da Selic pode segurar dólar,Operadores de câmbio dizem que seria necessário uma elevação de um ponto percentual para conseguir impulsionar o realThe post Mercado diz que só aumento agressivo da Selic pode segurar dólar appeared first on InfoMoney.,https://www.infomoney.com.br/onde-investir/mercado-diz-que-so-aumento-agressivo-da-selic-pode-segurar-dolar/,InfoMoney,,business,pt,br,2021-03-15T15:02:51+00:00
Ricardo Bonfim,Ibovespa cai com expectativa por informações sobre novo auxílio antes do Carnaval; dólar zera ganhos,Mercado registra perdas depois do otimismo da véspera enquanto os ruídos fiscais seguem na pautaThe post Ibovespa cai com expectativa por informações sobre novo auxílio antes do Carnaval; dólar zera ganhos appeared first on InfoMoney.,https://www.infomoney.com.br/mercados/ibovespa-cai-com-expectativa-por-informacoes-sobre-novo-auxilio-antes-do-carnaval-dolar-zera-ganhos/,InfoMoney,,business,pt,br,2021-02-12T13:19:16+00:00
Bloomberg,Oi aumenta incentivo financeiro a detentores de títulos em dólar para novos empréstimos,"A Oi elevou a oferta de US$ 5 por cada US$ 1.000 em notas para US$ 10, de acordo com informações obtidas pela BloombergThe post Oi aumenta incentivo financeiro a detentores de títulos em dólar para novos empréstimos appeared first on InfoMoney.",https://www.infomoney.com.br/mercados/oi-aumenta-incentivo-financeiro-a-detentores-de-titulos-em-dolar-para-novos-emprestimos/,InfoMoney,,business,pt,br,2021-03-23T20:50:53+00:00
Ricardo Bonfim,"Ibovespa fecha em queda de 0,7% antes de “Super Quarta”; dólar cai a R$ 5,61","Mercado registrou perdas em um pregão que foi teve muita ansiedade por decisões de política monetáriaThe post Ibovespa fecha em queda de 0,7% antes de &#8220;Super Quarta&#8221;; dólar cai a R$ 5,61 appeared first on InfoMoney.",https://www.infomoney.com.br/mercados/ibovespa-fecha-em-queda-de-07-antes-de-super-quarta-dolar-cai-a-r-561/,InfoMoney,,business,pt,br,2021-03-16T20:31:12+00:00
Reuters,Dólar tem maior série de baixas desde novembro em semana marcada por Copom e Fed,"O real revezou com a lira turca o posto de moeda com melhor desempenho global nesta sessão, depois das decisões de juros nos dois paísesThe post Dólar tem maior série de baixas desde novembro em semana marcada por Copom e Fed appeared first on InfoMoney.",https://www.infomoney.com.br/mercados/dolar-tem-maior-serie-de-baixas-desde-novembro-em-semana-marcada-por-copom-e-fed/,InfoMoney,,business,pt,br,2021-03-19T23:00:36+00:00
Beatriz Cutait,"Não aposte contra o dólar, mas reforce a exposição global de sua carteira: confira as recomendações de gestores","Apesar de alta de juros no Brasil, gestores de patrimônio sugerem cautela com apostas direcionais no câmbio, mas reforçam o valor da diversificaçãoThe post Não aposte contra o dólar, mas reforce a exposição global de sua carteira: confira as recomendações de gestores appeared first on InfoMoney.",https://www.infomoney.com.br/onde-investir/sem-apostas-contra-o-dolar-porem-com-reforco-na-exposicao-global-confira-as-recomendacoes-de-gestores/,InfoMoney,,business,pt,br,2021-03-22T18:14:00+00:00
Estadão Conteúdo,"Petróleo é commodity, cobrada em dólar e não há como fugir, diz Castello Branco","Presidente da Petrobras defendeu novamente a política de preços de combustíveis da estatalThe post Petróleo é commodity, cobrada em dólar e não há como fugir, diz Castello Branco appeared first on InfoMoney.",https://www.infomoney.com.br/mercados/petroleo-e-commodity-cobrada-em-dolar-e-nao-ha-como-fugir-diz-castello-branco/,InfoMoney,,business,pt,br,2021-02-25T15:20:00+00:00
Ricardo Bonfim,"Ibovespa cai com investidores cautelosos antes de decisões de Copom e Fomc; dólar sobe a R$ 5,66","Mercado registra perdas em dia de muita atenção a política monetária enquanto yields dos treasuries disparamThe post Ibovespa cai com investidores cautelosos antes de decisões de Copom e Fomc; dólar sobe a R$ 5,66 appeared first on InfoMoney.",https://www.infomoney.com.br/mercados/ibovespa-cai-com-investidores-cautelosos-antes-de-decisoes-de-copom-e-fomc-dolar-sobe-a-r-566/,InfoMoney,,business,pt,br,2021-03-17T13:14:00+00:00
Ricardo Bonfim,"Ibovespa fecha em queda pressionado por exterior; dólar cai a R$ 5,57 repercutindo Copom","Mercado encerra sessão com perdas devido ao sell-off que tomou conta das bolsas nos EUAThe post Ibovespa fecha em queda pressionado por exterior; dólar cai a R$ 5,57 repercutindo Copom appeared first on InfoMoney.",https://www.infomoney.com.br/mercados/ibovespa-fecha-em-queda-pressionado-por-exterior-dolar-cai-a-r-557-repercutindo-copom/,InfoMoney,,business,pt,br,2021-03-18T20:21:45+00:00
rodrigoumpieres,"Ibovespa opera próximo da estabilidade entre resultados e indicadores nos EUA; dólar sobe a R$ 5,44","Índice abriu em alta, mas sem muita força enquanto investidores digerem bateria de resultados e ficam de olho a dados nos Estados UnidosThe post Ibovespa opera próximo da estabilidade entre resultados e indicadores nos EUA; dólar sobe a R$ 5,44 appeared first on InfoMoney.",https://www.infomoney.com.br/mercados/ibovespa-opera-proximo-da-estabilidade-entre-resultados-e-indicadores-nos-eua-dolar-sobe-a-r-544/,InfoMoney,,business,pt,br,2021-02-25T13:18:29+00:00
Reuters,"Dólar futuro supera R$ 5,85 após choque do mercado com decisão de Fachin sobre Lula","Nas operações interbancárias, o dólar fechou em alta de 1,66%, a R$ 5,7787 na venda - maior nível desde 15 de maio do ano passado (R$ 5,8392)The post Dólar futuro supera R$ 5,85 após choque do mercado com decisão de Fachin sobre Lula appeared first on InfoMoney.",https://www.infomoney.com.br/mercados/dolar-futuro-supera-r-585-apos-choque-do-mercado-com-decisao-de-fachin-sobre-lula/,InfoMoney,,business,pt,br,2021-03-08T21:15:41+00:00
Ricardo Bonfim,Ibovespa sobe puxado por Vale e bancos em meio a noticiário corporativo; dólar tem leve baixa,"Mercado registra desempenho errático após três sessões seguidas de expressiva alta
The post Ibovespa sobe puxado por Vale e bancos em meio a noticiário corporativo; dólar tem leve baixa appeared first on InfoMoney.",https://www.infomoney.com.br/mercados/ibovespa-sobe-puxado-por-vale-e-bancos-em-meio-a-noticiario-corporativo-dolar-tem-leve-baixa/,InfoMoney,,business,pt,br,2021-02-04T13:17:00+00:00
Ricardo Bonfim,Ibovespa sobe puxado por Vale e bancos em meio a noticiário corporativo; dólar tem leve baixa,"Mercado registra desempenho errático após três sessões seguidas de expressiva alta
The post Ibovespa sobe puxado por Vale e bancos em meio a noticiário corporativo; dólar tem leve baixa appeared first on InfoMoney.",https://www.infomoney.com.br/mercados/ibovespa-sobe-puxado-por-vale-e-bancos-em-meio-a-noticiario-corporativo-dolar-tem-leve-baixa/,InfoMoney,,business,pt,br,2021-02-04T13:17:00+00:00
Ricardo Bonfim,Ibovespa sobe puxado por Vale e bancos em meio a noticiário corporativo; dólar tem leve baixa,"Mercado registra desempenho errático após três sessões seguidas de expressiva alta
The post Ibovespa sobe puxado por Vale e bancos em meio a noticiário corporativo; dólar tem leve baixa appeared first on InfoMoney.",https://www.infomoney.com.br/mercados/ibovespa-sobe-puxado-por-vale-e-bancos-em-meio-a-noticiario-corporativo-dolar-tem-leve-baixa/,InfoMoney,,business,pt,br,2021-02-04T13:17:00+00:00
Ricardo Bonfim,"Ibovespa Futuro sobe após Copom elevar a Selic a 2,75%; dólar cai a R$ 5,48","Pré-market registra ganhos diante da sinalização firme de combate à inflação realizada pela autoridade monetáriaThe post Ibovespa Futuro sobe após Copom elevar a Selic a 2,75%; dólar cai a R$ 5,48 appeared first on InfoMoney.",https://www.infomoney.com.br/mercados/ibovespa-futuro-sobe-apos-copom-elevar-a-selic-a-275-dolar-cai-a-r-548/,InfoMoney,,business,pt,br,2021-03-18T12:15:41+00:00
rodrigoumpieres,Ibovespa Futuro cai seguindo exterior com piora da pandemia antes de fala de Powell e Yellen; dólar sobe,"Bolsa recua seguindo índices internacionais, enquanto investidores locais acompanham ata do Copom e aumento de casos de coronavírusThe post Ibovespa Futuro cai seguindo exterior com piora da pandemia antes de fala de Powell e Yellen; dólar sobe appeared first on InfoMoney.",https://www.infomoney.com.br/mercados/ibovespa-futuro-cai-seguindo-exterior-com-piora-da-pandemia-antes-de-fala-de-powell-e-yellen-dolar-sobe/,InfoMoney,,business,pt,br,2021-03-23T12:12:07+00:00
Ricardo Bonfim,Ibovespa sobe puxado por Vale e bancos em meio a noticiário corporativo; dólar tem leve baixa,"Mercado registra desempenho errático após três sessões seguidas de expressiva alta
The post Ibovespa sobe puxado por Vale e bancos em meio a noticiário corporativo; dólar tem leve baixa appeared first on InfoMoney.",https://www.infomoney.com.br/mercados/ibovespa-sobe-puxado-por-vale-e-bancos-em-meio-a-noticiario-corporativo-dolar-tem-leve-baixa/,InfoMoney,,business,pt,br,2021-02-04T13:17:00+00:00
Ricardo Bonfim,Ibovespa sobe puxado por Vale e bancos em meio a noticiário corporativo; dólar tem leve baixa,"Mercado registra desempenho errático após três sessões seguidas de expressiva alta
The post Ibovespa sobe puxado por Vale e bancos em meio a noticiário corporativo; dólar tem leve baixa appeared first on InfoMoney.",https://www.infomoney.com.br/mercados/ibovespa-sobe-puxado-por-vale-e-bancos-em-meio-a-noticiario-corporativo-dolar-tem-leve-baixa/,InfoMoney,,business,pt,br,2021-02-04T13:17:00+00:00
Ricardo Bonfim,Ibovespa sobe puxado por Vale e bancos em meio a noticiário corporativo; dólar tem leve baixa,"Mercado registra desempenho errático após três sessões seguidas de expressiva alta
The post Ibovespa sobe puxado por Vale e bancos em meio a noticiário corporativo; dólar tem leve baixa appeared first on InfoMoney.",https://www.infomoney.com.br/mercados/ibovespa-sobe-puxado-por-vale-e-bancos-em-meio-a-noticiario-corporativo-dolar-tem-leve-baixa/,InfoMoney,,business,pt,br,2021-02-04T13:17:00+00:00
Ricardo Bonfim,Ibovespa sobe puxado por Vale e bancos em meio a noticiário corporativo; dólar tem leve baixa,"Mercado registra desempenho errático após três sessões seguidas de expressiva alta
The post Ibovespa sobe puxado por Vale e bancos em meio a noticiário corporativo; dólar tem leve baixa appeared first on InfoMoney.",https://www.infomoney.com.br/mercados/ibovespa-sobe-puxado-por-vale-e-bancos-em-meio-a-noticiario-corporativo-dolar-tem-leve-baixa/,InfoMoney,,business,pt,br,2021-02-04T13:17:00+00:00
Ricardo Bonfim,Ibovespa sobe puxado por Vale e bancos em meio a noticiário corporativo; dólar tem leve baixa,"Mercado registra desempenho errático após três sessões seguidas de expressiva alta
The post Ibovespa sobe puxado por Vale e bancos em meio a noticiário corporativo; dólar tem leve baixa appeared first on InfoMoney.",https://www.infomoney.com.br/mercados/ibovespa-sobe-puxado-por-vale-e-bancos-em-meio-a-noticiario-corporativo-dolar-tem-leve-baixa/,InfoMoney,,business,pt,br,2021-02-04T13:17:00+00:00
Ricardo Bonfim,"Ibovespa sobe com atenção a resultados de empresas e política, e se descola do exterior; dólar vira para queda","Mercado mostra desempenho positivo na esteira da temporada de balanços e com expectativa por indicadores econômicosThe post Ibovespa sobe com atenção a resultados de empresas e política, e se descola do exterior; dólar vira para queda appeared first on InfoMoney.",https://www.infomoney.com.br/mercados/ibovespa-sobe-com-atencao-a-resultados-de-empresas-e-politica-e-se-descola-do-exterior-dolar-vira-para-queda/,InfoMoney,,business,pt,br,2021-02-26T13:13:23+00:00
Ricardo Bonfim,Ibovespa sobe puxado por Vale e bancos em meio a noticiário corporativo; dólar tem leve baixa,"Mercado registra desempenho errático após três sessões seguidas de expressiva alta
The post Ibovespa sobe puxado por Vale e bancos em meio a noticiário corporativo; dólar tem leve baixa appeared first on InfoMoney.",https://www.infomoney.com.br/mercados/ibovespa-sobe-puxado-por-vale-e-bancos-em-meio-a-noticiario-corporativo-dolar-tem-leve-baixa/,InfoMoney,,business,pt,br,2021-02-04T13:17:00+00:00
Ricardo Bonfim,Ibovespa sobe puxado por Vale e bancos em meio a noticiário corporativo; dólar tem leve baixa,"Mercado registra desempenho errático após três sessões seguidas de expressiva alta
The post Ibovespa sobe puxado por Vale e bancos em meio a noticiário corporativo; dólar tem leve baixa appeared first on InfoMoney.",https://www.infomoney.com.br/mercados/ibovespa-sobe-puxado-por-vale-e-bancos-em-meio-a-noticiario-corporativo-dolar-tem-leve-baixa/,InfoMoney,,business,pt,br,2021-02-04T13:17:00+00:00
Ricardo Bonfim,Ibovespa sobe puxado por Vale e bancos em meio a noticiário corporativo; dólar tem leve baixa,"Mercado registra desempenho errático após três sessões seguidas de expressiva alta
The post Ibovespa sobe puxado por Vale e bancos em meio a noticiário corporativo; dólar tem leve baixa appeared first on InfoMoney.",https://www.infomoney.com.br/mercados/ibovespa-sobe-puxado-por-vale-e-bancos-em-meio-a-noticiario-corporativo-dolar-tem-leve-baixa/,InfoMoney,,business,pt,br,2021-02-04T13:17:00+00:00
Ricardo Bonfim,Ibovespa sobe puxado por Vale e bancos em meio a noticiário corporativo; dólar tem leve baixa,"Mercado registra desempenho errático após três sessões seguidas de expressiva alta
The post Ibovespa sobe puxado por Vale e bancos em meio a noticiário corporativo; dólar tem leve baixa appeared first on InfoMoney.",https://www.infomoney.com.br/mercados/ibovespa-sobe-puxado-por-vale-e-bancos-em-meio-a-noticiario-corporativo-dolar-tem-leve-baixa/,InfoMoney,,business,pt,br,2021-02-04T13:17:00+00:00
rodrigoumpieres,Ibovespa Futuro opera entre perdas e ganhos com investidores de olho em dados dos EUA e resultados; dólar sobe,"Bolsa inicia a quinta-feira sem tendência definida, seguindo cenário externo, enquanto investidores digerem os balanços de grandes empresas nacionaisThe post Ibovespa Futuro opera entre perdas e ganhos com investidores de olho em dados dos EUA e resultados; dólar sobe appeared first on InfoMoney.",https://www.infomoney.com.br/mercados/ibovespa-futuro-opera-entre-perdas-e-ganhos-com-investidores-de-olho-em-dados-dos-eua-e-resultados-dolar-sobe/,InfoMoney,,business,pt,br,2021-02-25T12:09:02+00:00
Ricardo Bonfim,"Ibovespa fecha em alta em dia de vencimento de opções e exterior positivo; dólar sobe a R$ 5,64","Mercado registrou ganhos na esteira da melhora do humor dos investidores em Wall StreetThe post Ibovespa fecha em alta em dia de vencimento de opções e exterior positivo; dólar sobe a R$ 5,64 appeared first on InfoMoney.",https://www.infomoney.com.br/mercados/ibovespa-fecha-em-alta-em-dia-de-vencimento-de-opcoes-e-exterior-positivo-dolar-sobe-a-r-564/,InfoMoney,,business,pt,br,2021-03-15T20:22:53+00:00
Ricardo Bonfim,Ibovespa sobe puxado por Vale e bancos em meio a noticiário corporativo; dólar tem leve baixa,"Mercado registra desempenho errático após três sessões seguidas de expressiva alta
The post Ibovespa sobe puxado por Vale e bancos em meio a noticiário corporativo; dólar tem leve baixa appeared first on InfoMoney.",https://www.infomoney.com.br/mercados/ibovespa-sobe-puxado-por-vale-e-bancos-em-meio-a-noticiario-corporativo-dolar-tem-leve-baixa/,InfoMoney,,business,pt,br,2021-02-04T13:17:00+00:00
Ricardo Bonfim,"BC mais agressivo dificulta escalada do dólar a R$ 6,00, mas real segue pressionado, dizem analistas","Preocupação com fiscal e incertezas acerca do coronavírus colocam piso no dólar acima dos R$ 5,00The post BC mais agressivo dificulta escalada do dólar a R$ 6,00, mas real segue pressionado, dizem analistas appeared first on InfoMoney.",https://www.infomoney.com.br/mercados/bc-mais-agressivo-dificulta-escalada-do-dolar-a-r-600-mas-real-segue-pressionado-dizem-analistas/,InfoMoney,,business,pt,br,2021-03-19T11:09:08+00:00
Ricardo Bonfim,"Ibovespa fecha em alta com alívio sobre PEC Emergencial e exterior positivo; dólar sobe a R$ 5,79","Mercado teve ganhos na esteira do noticiário político, que tirou do caminho algumas preocupações sobre a potência fiscal do projeto a ser votado na CâmaraThe post Ibovespa fecha em alta com alívio sobre PEC Emergencial e exterior positivo; dólar sobe a R$ 5,79 appeared first on InfoMoney.",https://www.infomoney.com.br/mercados/ibovespa-fecha-em-alta-com-alivio-sobre-pec-emergencial-e-exterior-positivo-dolar-sobe-a-r-579/,InfoMoney,,business,pt,br,2021-03-09T21:31:06+00:00
Ricardo Bonfim,"Ibovespa interrompe sequência de altas com cenário corporativo e ruído político; dólar sobe a R$ 5,44","Mercado encerra pregão com baixas e deixou de lado momentaneamente o otimismo que dominou a semana
The post Ibovespa interrompe sequência de altas com cenário corporativo e ruído político; dólar sobe a R$ 5,44 appeared first on InfoMoney.",https://www.infomoney.com.br/mercados/ibovespa-interrompe-sequencia-de-altas-com-cenario-corporativo-e-ruido-politico-dolar-sobe-a-r-544/,InfoMoney,,business,pt,br,2021-02-04T21:30:04+00:00
rodrigoumpieres,Ibovespa sobe com investidores de olho em vacinação e dados de emprego nos EUA; dólar fica próximo da estabilidade,"Índice registra ganhos e se aproxima dos 120 pontos seguindo exterior antes do relatório de emprego americano
The post Ibovespa sobe com investidores de olho em vacinação e dados de emprego nos EUA; dólar fica próximo da estabilidade appeared first on InfoMoney.",https://www.infomoney.com.br/mercados/ibovespa-sobe-com-investidores-de-olho-em-vacinacao-e-dados-de-emprego-nos-eua-dolar-fica-proximo-da-estabilidade/,InfoMoney,,business,pt,br,2021-02-05T13:17:51+00:00
Ricardo Bonfim,Ibovespa sobe puxado por Vale e bancos em meio a noticiário corporativo; dólar tem leve baixa,"Mercado registra desempenho errático após três sessões seguidas de expressiva alta
The post Ibovespa sobe puxado por Vale e bancos em meio a noticiário corporativo; dólar tem leve baixa appeared first on InfoMoney.",https://www.infomoney.com.br/mercados/ibovespa-sobe-puxado-por-vale-e-bancos-em-meio-a-noticiario-corporativo-dolar-tem-leve-baixa/,InfoMoney,,business,pt,br,2021-02-04T13:17:00+00:00
Ricardo Bonfim,Ibovespa sobe puxado por Vale e bancos em meio a noticiário corporativo; dólar tem leve baixa,"Mercado registra desempenho errático após três sessões seguidas de expressiva alta
The post Ibovespa sobe puxado por Vale e bancos em meio a noticiário corporativo; dólar tem leve baixa appeared first on InfoMoney.",https://www.infomoney.com.br/mercados/ibovespa-sobe-puxado-por-vale-e-bancos-em-meio-a-noticiario-corporativo-dolar-tem-leve-baixa/,InfoMoney,,business,pt,br,2021-02-04T13:17:00+00:00
Ricardo Bonfim,Ibovespa sobe puxado por Vale e bancos em meio a noticiário corporativo; dólar tem leve baixa,"Mercado registra desempenho errático após três sessões seguidas de expressiva alta
The post Ibovespa sobe puxado por Vale e bancos em meio a noticiário corporativo; dólar tem leve baixa appeared first on InfoMoney.",https://www.infomoney.com.br/mercados/ibovespa-sobe-puxado-por-vale-e-bancos-em-meio-a-noticiario-corporativo-dolar-tem-leve-baixa/,InfoMoney,,business,pt,br,2021-02-04T13:17:00+00:00
Ricardo Bonfim,"Ibovespa Futuro cai com investidores à espera das decisões do Copom e do Fomc; dólar sobe a R$ 5,66","Pré-market mostra perdas em meio à disparada no yield dos treasuries em dia de política monetária no radarThe post Ibovespa Futuro cai com investidores à espera das decisões do Copom e do Fomc; dólar sobe a R$ 5,66 appeared first on InfoMoney.",https://www.infomoney.com.br/mercados/ibovespa-futuro-cai-com-investidores-a-espera-das-decisoes-do-copom-e-do-fomc-dolar-sobe-a-r-566/,InfoMoney,,business,pt,br,2021-03-17T12:20:25+00:00
Ricardo Bonfim,"Ibovespa cai em meio a preocupações com a pandemia e dia de tensão econômica na Turquia; dólar sobe a R$ 5,53","Mercado registra perdas na esteira da aversão a risco que toma conta dos emergentesThe post Ibovespa cai em meio a preocupações com a pandemia e dia de tensão econômica na Turquia; dólar sobe a R$ 5,53 appeared first on InfoMoney.",https://www.infomoney.com.br/mercados/ibovespa-cai-em-meio-a-preocupacoes-com-a-pandemia-e-dia-de-tensao-economica-na-turquia-dolar-sobe-a-r-553/,InfoMoney,,business,pt,br,2021-03-22T13:14:56+00:00
Ricardo Bonfim,"Ibovespa fecha estável e encerra semana em queda de 0,7% com cautela antes de Carnaval; dólar cai a R$ 5,37","Bolsa mostrou disputa entre comprados e vendidos diante de notícias sobre novo auxílio emergencialThe post Ibovespa fecha estável e encerra semana em queda de 0,7% com cautela antes de Carnaval; dólar cai a R$ 5,37 appeared first on InfoMoney.",https://www.infomoney.com.br/mercados/ibovespa-fecha-estavel-e-encerra-semana-em-queda-de-07-com-cautela-antes-de-carnaval-dolar-cai-a-r-537/,InfoMoney,,business,pt,br,2021-02-12T21:28:20+00:00
Ricardo Bonfim,"Ibovespa fecha em alta de 0,4% puxado por Petrobras em dia de atenção a resultados; dólar cai a R$ 5,42","Mercado mostra mais um dia de retomada altista depois do ""sell-off"" ocorrido na segunda-feiraThe post Ibovespa fecha em alta de 0,4% puxado por Petrobras em dia de atenção a resultados; dólar cai a R$ 5,42 appeared first on InfoMoney.",https://www.infomoney.com.br/mercados/ibovespa-fecha-em-alta-de-04-puxado-por-petrobras-em-dia-de-atencao-a-resultados-dolar-cai-a-r-542/,InfoMoney,,business,pt,br,2021-02-24T21:27:56+00:00
Ricardo Bonfim,"Ibovespa fecha em queda de 2,95% e vai a seu menor patamar desde 2 de dezembro; dólar sobe a R$ 5,51","Mercado sucumbiu à nova sinalização dúbia de Bolsonaro sobre a Petrobras e ao mau humor dos investidores em Wall StreetThe post Ibovespa fecha em queda de 2,95% e vai a seu menor patamar desde 2 de dezembro; dólar sobe a R$ 5,51 appeared first on InfoMoney.",https://www.infomoney.com.br/mercados/ibovespa-fecha-em-queda-de-295-e-vai-a-seu-menor-patamar-desde-2-de-dezembro-dolar-sobe-a-r-551/,InfoMoney,,business,pt,br,2021-02-25T21:23:11+00:00
Ricardo Bonfim,"Ibovespa fecha em queda de 4,4% no mês em meio a preocupação com estatais; dólar sobe 2,4% em fevereiro","Mercado aumentou a aversão a risco diante da cada vez mais incerta pauta liberal do governoThe post Ibovespa fecha em queda de 4,4% no mês em meio a preocupação com estatais; dólar sobe 2,4% em fevereiro appeared first on InfoMoney.",https://www.infomoney.com.br/mercados/ibovespa-fecha-em-queda-de-44-no-mes-em-meio-a-preocupacao-com-estatais-dolar-sobe-24-em-fevereiro/,InfoMoney,,business,pt,br,2021-02-26T21:34:50+00:00
Ricardo Bonfim,"Ibovespa Futuro cai em meio a indicadores, exterior e expectativa por novo auxílio; dólar sobe a R$ 5,39","Pré-market mostra perdas depois do desempenho positivo do pregão anteriorThe post Ibovespa Futuro cai em meio a indicadores, exterior e expectativa por novo auxílio; dólar sobe a R$ 5,39 appeared first on InfoMoney.",https://www.infomoney.com.br/mercados/ibovespa-futuro-cai-em-meio-a-indicadores-exterior-e-expectativa-por-novo-auxilio-dolar-sobe-a-r-539/,InfoMoney,,business,pt,br,2021-02-12T12:15:43+00:00
Ricardo Bonfim,"Ibovespa Futuro sobe com recuperação depois de “efeito Lula” da véspera e segue exterior; dólar sobe a R$ 5,82","Pré-market mostra ganhos na esteira de um dia muito negativo; ainda no radar dos investidores, discussão sobre PEC Emergencial tem indefiniçõesThe post Ibovespa Futuro sobe com recuperação depois de &#8220;efeito Lula&#8221; da véspera e segue exterior; dólar sobe a R$ 5,82 appeared first on InfoMoney.",https://www.infomoney.com.br/mercados/ibovespa-futuro-sobe-com-recuperacao-depois-de-efeito-lula-da-vespera-e-segue-exterior-dolar-sobe-a-r-582/,InfoMoney,,business,pt,br,2021-03-09T12:22:50+00:00
Ricardo Bonfim,"Ibovespa tem queda em meio à expectativa por provável troca na Saúde; dólar sobe a R$ 5,60","Mercado registra desempenho negativo na esteira da incerteza política domésticaThe post Ibovespa tem queda em meio à expectativa por provável troca na Saúde; dólar sobe a R$ 5,60 appeared first on InfoMoney.",https://www.infomoney.com.br/mercados/ibovespa-tem-queda-em-meio-a-expectativa-por-provavel-troca-na-saude-dolar-sobe-a-r-560/,InfoMoney,,business,pt,br,2021-03-15T13:19:16+00:00
Ricardo Bonfim,"Ibovespa fecha em queda de 1% em meio a aversão a emergentes por notícias da Turquia; dólar sobe a R$ 5,51","Mercado encerra sessão com perdas graças à piora no ambiente internacionalThe post Ibovespa fecha em queda de 1% em meio a aversão a emergentes por notícias da Turquia; dólar sobe a R$ 5,51 appeared first on InfoMoney.",https://www.infomoney.com.br/mercados/ibovespa-fecha-em-queda-de-1-em-meio-a-aversao-a-emergentes-por-noticias-da-turquia-dolar-sobe-a-r-551/,InfoMoney,,business,pt,br,2021-03-22T20:14:25+00:00
Ricardo Bonfim,"Ibovespa Futuro sobe em meio à aprovação da PEC Emergencial e se descola do exterior; dólar cai a R$ 5,79","Pré-market mostra desempenho positivo diante da potência fiscal do texto, que foi votado sem as exceções que estavam sendo ventiladasThe post Ibovespa Futuro sobe em meio à aprovação da PEC Emergencial e se descola do exterior; dólar cai a R$ 5,79 appeared first on InfoMoney.",https://www.infomoney.com.br/mercados/ibovespa-futuro-sobe-em-meio-a-aprovacao-da-pec-emergencial-e-se-descola-do-exterior-dolar-cai-a-r-579/,InfoMoney,,business,pt,br,2021-03-10T12:17:29+00:00
Ricardo Bonfim,"Ibovespa fecha em alta e encerra semana com ganho de 4,5%, quebrando sequência negativa; dólar cai a R$ 5,38","Mercado encerra sessão em tom otimista diante do alívio após ruídos de interferência governamental na Petrobras
The post Ibovespa fecha em alta e encerra semana com ganho de 4,5%, quebrando sequência negativa; dólar cai a R$ 5,38 appeared first on InfoMoney.",https://www.infomoney.com.br/mercados/ibovespa-fecha-em-alta-e-encerra-semana-com-ganho-de-45-quebrando-sequencia-negativa-dolar-cai-a-r-538/,InfoMoney,,business,pt,br,2021-02-05T21:27:53+00:00
Ricardo Bonfim,"Ibovespa opera entre perdas e ganhos com exterior positivo ofuscado por decisão do STF sobre Lula; dólar sobe a R$ 5,84","Mercado mostra desempenho errático na esteira de um dia muito negativo; ainda no radar dos investidores, discussão sobre PEC Emergencial tem indefiniçõesThe post Ibovespa opera entre perdas e ganhos com exterior positivo ofuscado por decisão do STF sobre Lula; dólar sobe a R$ 5,84 appeared first on InfoMoney.",https://www.infomoney.com.br/mercados/ibovespa-opera-entre-perdas-e-ganhos-com-exterior-positivo-ofuscado-por-decisao-do-stf-sobre-lula-dolar-sobe-a-r-584/,InfoMoney,,business,pt,br,2021-03-09T13:18:33+00:00
Ricardo Bonfim,"Ibovespa sobe antes de votação em 2º turno da PEC Emergencial e após estímulos nos EUA; dólar cai a R$ 5,60","Mercado registra ganhos com expectativa por medida fiscal enquanto ganha força do exteriorThe post Ibovespa sobe antes de votação em 2º turno da PEC Emergencial e após estímulos nos EUA; dólar cai a R$ 5,60 appeared first on InfoMoney.",https://www.infomoney.com.br/mercados/ibovespa-sobe-antes-de-votacao-em-2o-turno-da-pec-emergencial-e-apos-estimulos-nos-eua-dolar-cai-a-r-560/,InfoMoney,,business,pt,br,2021-03-11T13:15:26+00:00
Ricardo Bonfim,"Ibovespa fecha em queda e acumula perdas de 0,9% em semana marcada pela política; dólar sobe a R$ 5,56","Mercado encerra semana com perdas diante da maior polarização e incerteza políticaThe post Ibovespa fecha em queda e acumula perdas de 0,9% em semana marcada pela política; dólar sobe a R$ 5,56 appeared first on InfoMoney.",https://www.infomoney.com.br/mercados/ibovespa-fecha-em-queda-e-acumula-perdas-de-09-em-semana-marcada-pela-politica-dolar-sobe-a-r-556/,InfoMoney,,business,pt,br,2021-03-12T21:33:47+00:00
Ricardo Bonfim,"Ibovespa tem leve alta após aprovação da PEC Emergencial em primeiro turno; dólar cai a R$ 5,77","Mercado registra desempenho positivo diante do alívio nas preocupações com o ajuste fiscalThe post Ibovespa tem leve alta após aprovação da PEC Emergencial em primeiro turno; dólar cai a R$ 5,77 appeared first on InfoMoney.",https://www.infomoney.com.br/mercados/ibovespa-tem-leve-alta-apos-aprovacao-da-pec-emergencial-em-primeiro-turno-dolar-cai-a-r-577/,InfoMoney,,business,pt,br,2021-03-10T13:17:53+00:00
Ricardo Bonfim,"Ibovespa Futuro cai após forte alta na véspera e segue bolsas internacionais; dólar sobe a R$ 5,57","Pré-market aponta para dia de correção em meio ao avanço no rendimento dos treasuries de 10 anos dos EUAThe post Ibovespa Futuro cai após forte alta na véspera e segue bolsas internacionais; dólar sobe a R$ 5,57 appeared first on InfoMoney.",https://www.infomoney.com.br/mercados/ibovespa-futuro-cai-apos-forte-alta-na-vespera-e-segue-bolsas-internacionais-dolar-sobe-a-r-557/,InfoMoney,,business,pt,br,2021-03-12T12:18:24+00:00
Ricardo Bonfim,"Ibovespa fecha em alta impulsionado por PEC Emergencial e pacote dos EUA; dólar cai 2,5% e vai a R$ 5,65","Mercado encerra o pregão com ganhos em dia de extrema volatilidade devido à políticaThe post Ibovespa fecha em alta impulsionado por PEC Emergencial e pacote dos EUA; dólar cai 2,5% e vai a R$ 5,65 appeared first on InfoMoney.",https://www.infomoney.com.br/mercados/ibovespa-fecha-em-alta-impulsionado-por-pec-emergencial-e-pacote-dos-eua-dolar-cai-25-e-vai-a-r-565/,InfoMoney,,business,pt,br,2021-03-10T21:33:02+00:00
Ricardo Bonfim,"Ibovespa tem alta de 1,8% em semana marcada por política monetária e volatilidade dos treasuries; dólar cai a R$ 5,48","Mercado encerra em território positivo a semana de forte prevalência de decisões de juros no cenário internacionalThe post Ibovespa tem alta de 1,8% em semana marcada por política monetária e volatilidade dos treasuries; dólar cai a R$ 5,48 appeared first on InfoMoney.",https://www.infomoney.com.br/mercados/ibovespa-tem-alta-de-18-em-semana-marcada-por-politica-monetaria-e-volatilidade-dos-treasuries-dolar-cai-a-r-548/,InfoMoney,,business,pt,br,2021-03-19T20:33:54+00:00
Ricardo Bonfim,"Ibovespa Futuro opera entre perdas e ganhos com atenções à possível mudança na Saúde; dólar cai a R$ 5,54","Pré-market mostra desempenho errático à medida que se repercutem as incertezas políticas no Brasil e a rotatividade de ações nos EUAThe post Ibovespa Futuro opera entre perdas e ganhos com atenções à possível mudança na Saúde; dólar cai a R$ 5,54 appeared first on InfoMoney.",https://www.infomoney.com.br/mercados/ibovespa-futuro-opera-entre-perdas-e-ganhos-com-atencoes-a-possivel-mudanca-na-saude-dolar-cai-a-r-554/,InfoMoney,,business,pt,br,2021-03-15T12:20:42+00:00
Ricardo Bonfim,"Ibovespa Futuro opera entre perdas e ganhos após troca na Saúde e com expectativa por BC e Fed; dólar cai a R$ 5,62","Pré-market mostra desempenho errático já com os investidores em compasso de espera por decisões de política monetáriaThe post Ibovespa Futuro opera entre perdas e ganhos após troca na Saúde e com expectativa por BC e Fed; dólar cai a R$ 5,62 appeared first on InfoMoney.",https://www.infomoney.com.br/mercados/ibovespa-futuro-opera-entre-perdas-e-ganhos-apos-troca-na-saude-e-com-expectativa-por-bc-e-fed-dolar-cai-a-r-562/,InfoMoney,,business,pt,br,2021-03-16T12:13:58+00:00
rodrigoumpieres,"Ibovespa sobe 0,73% após 3 quedas, mas fecha longe das máximas com fiscal e exterior; dólar vai a R$ 5,38","Índice perdeu força após chegar a subir 1,56% na máxima do dia, mas conseguiu encerrar uma sequência de três quedasThe post Ibovespa sobe 0,73% após 3 quedas, mas fecha longe das máximas com fiscal e exterior; dólar vai a R$ 5,38 appeared first on InfoMoney.",https://www.infomoney.com.br/mercados/ibovespa-sobe-073-apos-3-quedas-mas-fecha-longe-das-maximas-com-fiscal-e-exterior-dolar-vai-a-r-538/,InfoMoney,,business,pt,br,2021-02-11T21:20:44+00:00
Ricardo Bonfim,"Ibovespa fecha em alta de 2% e encosta nos 115 mil pontos com exterior e PEC Emergencial; dólar cai a R$ 5,54","Mercado estendeu os ganhos da véspera em meio à melhora no cenário fiscalThe post Ibovespa fecha em alta de 2% e encosta nos 115 mil pontos com exterior e PEC Emergencial; dólar cai a R$ 5,54 appeared first on InfoMoney.",https://www.infomoney.com.br/mercados/ibovespa-fecha-em-alta-de-2-e-encosta-nos-115-mil-pontos-com-exterior-e-pec-emergencial-dolar-cai-a-r-554/,InfoMoney,,business,pt,br,2021-03-11T21:26:41+00:00
Ricardo Bonfim,"Ibovespa tem leve alta seguindo recuperação de Wall Street após tombo da véspera; dólar cai a R$ 5,53","Mercado registra desempenho positivo depois de um dia muito ruim na esteira da disparada nos yields das treasuriesThe post Ibovespa tem leve alta seguindo recuperação de Wall Street após tombo da véspera; dólar cai a R$ 5,53 appeared first on InfoMoney.",https://www.infomoney.com.br/mercados/ibovespa-tem-leve-alta-seguindo-recuperacao-de-wall-street-apos-tombo-da-vespera-dolar-cai-a-r-553/,InfoMoney,,business,pt,br,2021-03-19T13:21:17+00:00
Ricardo Bonfim,"Ibovespa Futuro sobe descolado do exterior com investidores refletindo resultados e após forte queda da véspera; dólar sobe a R$ 5,53","Pré-market mostra desempenho mais forte graças aos números do quarto trimestre de empresas brasileirasThe post Ibovespa Futuro sobe descolado do exterior com investidores refletindo resultados e após forte queda da véspera; dólar sobe a R$ 5,53 appeared first on InfoMoney.",https://www.infomoney.com.br/mercados/ibovespa-futuro-sobe-descolado-do-exterior-com-investidores-refletindo-resultados-e-apos-forte-queda-da-vespera-dolar-sobe-a-r-553/,InfoMoney,,business,pt,br,2021-02-26T12:24:17+00:00
Redação,MB Associados revisa projeções e vê dólar superando R$ 6 no curto prazo com maior polarização entre Lula e Bolsonaro,"Estimativa para o dólar ao final de 2021 passou de R$ 5,40 para R$ 5,60, enquanto da Selic foi de 4% para 5,5% e para o IPCA foi de 4% para 4,3%The post MB Associados revisa projeções e vê dólar superando R$ 6 no curto prazo com maior polarização entre Lula e Bolsonaro appeared first on InfoMoney.",https://www.infomoney.com.br/mercados/mb-associados-revisa-projecoes-e-ve-dolar-superando-r-6-no-curto-prazo-com-maior-polarizacao-entre-lula-e-bolsonaro/,InfoMoney,,business,pt,br,2021-03-09T20:10:08+00:00
Ricardo Bonfim,"Ibovespa segue exterior e cai após forte alta do dia anterior por aprovação da PEC Emergencial; dólar sobe a R$ 5,56","Mercado registra desempenho negativo na esteira do avanço no rendimento das treasuries, que pressiona Wall StreetThe post Ibovespa segue exterior e cai após forte alta do dia anterior por aprovação da PEC Emergencial; dólar sobe a R$ 5,56 appeared first on InfoMoney.",https://www.infomoney.com.br/mercados/ibovespa-segue-exterior-e-cai-apos-forte-alta-do-dia-anterior-por-aprovacao-da-pec-emergencial-dolar-sobe-a-r-556/,InfoMoney,,business,pt,br,2021-03-12T13:12:59+00:00
Ricardo Bonfim,"Ibovespa Futuro cai diante de temor com 3ª onda da Covid na Europa e troca no BC da Turquia; dólar sobe a R$ 5,50","Pré-market mostra perdas em meio a uma geral aversão a risco sobre emergentesThe post Ibovespa Futuro cai diante de temor com 3ª onda da Covid na Europa e troca no BC da Turquia; dólar sobe a R$ 5,50 appeared first on InfoMoney.",https://www.infomoney.com.br/mercados/ibovespa-futuro-cai-diante-de-temor-com-3a-onda-da-covid-na-europa-e-troca-no-bc-da-turquia-dolar-sobe-a-r-550/,InfoMoney,,business,pt,br,2021-03-22T12:19:28+00:00
marianafonseca,"Dólar turismo no cartão pré-pago bate R$ 6,44; euro turismo chega a R$ 7,67 e libra a R$ 9,30. O que fazer?","Saiba como encontrar a melhor cotação do dólar turismo e de outras moedas, as diferenças em relação ao dólar comercial e por que o câmbio vem subindo tantoThe post Dólar turismo no cartão pré-pago bate R$ 6,44; euro turismo chega a R$ 7,67 e libra a R$ 9,30. O que fazer? appeared first on InfoMoney.",https://www.infomoney.com.br/minhas-financas/dolar-turismo-no-cartao-pre-pago-bate-r-644-euro-turismo-chega-a-r-767-e-libra-a-r-930-o-que-fazer/,InfoMoney,,business,pt,br,2021-03-11T12:13:27+00:00
Ricardo Bonfim,"Ibovespa Futuro tem leve alta após tombo na véspera enquanto investidores monitoram mudança no BB; dólar cai a R$ 5,53","Pré-market registra variação positiva em meio à retração no yield das treasuries, que chegaram a pagar 1,75% ao ano na vésperaThe post Ibovespa Futuro tem leve alta após tombo na véspera enquanto investidores monitoram mudança no BB; dólar cai a R$ 5,53 appeared first on InfoMoney.",https://www.infomoney.com.br/mercados/ibovespa-futuro-tem-leve-alta-apos-tombo-na-vespera-enquanto-investidores-monitoram-mudanca-no-bb-dolar-cai-a-r-553/,InfoMoney,,business,pt,br,2021-03-19T12:15:59+00:00
Bloomberg,Países com rápida distribuição de vacinas fortalecem moedas,"Dos 5 países que lideram o combate à Covid-19, todos, exceto um, registraram ganhos em suas moedas em relação ao dólar em janeiro
The post Países com rápida distribuição de vacinas fortalecem moedas appeared first on InfoMoney.",https://www.infomoney.com.br/mercados/paises-com-rapida-distribuicao-de-vacinas-fortalecem-moedas/,InfoMoney,,business,pt,br,2021-02-04T17:57:41+00:00
Bloomberg,Países com rápida distribuição de vacinas fortalecem moedas,"Dos 5 países que lideram o combate à Covid-19, todos, exceto um, registraram ganhos em suas moedas em relação ao dólar em janeiro
The post Países com rápida distribuição de vacinas fortalecem moedas appeared first on InfoMoney.",https://www.infomoney.com.br/mercados/paises-com-rapida-distribuicao-de-vacinas-fortalecem-moedas/,InfoMoney,,business,pt,br,2021-02-04T17:57:39+00:00
Bloomberg,Países com rápida distribuição de vacinas fortalecem moedas,"Dos 5 países que lideram o combate à Covid-19, todos, exceto um, registraram ganhos em suas moedas em relação ao dólar em janeiro
The post Países com rápida distribuição de vacinas fortalecem moedas appeared first on InfoMoney.",https://www.infomoney.com.br/mercados/paises-com-rapida-distribuicao-de-vacinas-fortalecem-moedas/,InfoMoney,,business,pt,br,2021-02-04T17:57:41+00:00
Bloomberg,Países com rápida distribuição de vacinas fortalecem moedas,"Dos 5 países que lideram o combate à Covid-19, todos, exceto um, registraram ganhos em suas moedas em relação ao dólar em janeiro
The post Países com rápida distribuição de vacinas fortalecem moedas appeared first on InfoMoney.",https://www.infomoney.com.br/mercados/paises-com-rapida-distribuicao-de-vacinas-fortalecem-moedas/,InfoMoney,,business,pt,br,2021-02-04T17:57:41+00:00
Bloomberg,Países com rápida distribuição de vacinas fortalecem moedas,"Dos 5 países que lideram o combate à Covid-19, todos, exceto um, registraram ganhos em suas moedas em relação ao dólar em janeiro
The post Países com rápida distribuição de vacinas fortalecem moedas appeared first on InfoMoney.",https://www.infomoney.com.br/mercados/paises-com-rapida-distribuicao-de-vacinas-fortalecem-moedas/,InfoMoney,,business,pt,br,2021-02-04T17:57:41+00:00
Bloomberg,Países com rápida distribuição de vacinas fortalecem moedas,"Dos 5 países que lideram o combate à Covid-19, todos, exceto um, registraram ganhos em suas moedas em relação ao dólar em janeiro
The post Países com rápida distribuição de vacinas fortalecem moedas appeared first on InfoMoney.",https://www.infomoney.com.br/mercados/paises-com-rapida-distribuicao-de-vacinas-fortalecem-moedas/,InfoMoney,,business,pt,br,2021-02-04T17:57:41+00:00
Bloomberg,Países com rápida distribuição de vacinas fortalecem moedas,"Dos 5 países que lideram o combate à Covid-19, todos, exceto um, registraram ganhos em suas moedas em relação ao dólar em janeiro
The post Países com rápida distribuição de vacinas fortalecem moedas appeared first on InfoMoney.",https://www.infomoney.com.br/mercados/paises-com-rapida-distribuicao-de-vacinas-fortalecem-moedas/,InfoMoney,,business,pt,br,2021-02-04T17:57:41+00:00
Bloomberg,Países com rápida distribuição de vacinas fortalecem moedas,"Dos 5 países que lideram o combate à Covid-19, todos, exceto um, registraram ganhos em suas moedas em relação ao dólar em janeiro
The post Países com rápida distribuição de vacinas fortalecem moedas appeared first on InfoMoney.",https://www.infomoney.com.br/mercados/paises-com-rapida-distribuicao-de-vacinas-fortalecem-moedas/,InfoMoney,,business,pt,br,2021-02-04T17:57:41+00:00
Bloomberg,Países com rápida distribuição de vacinas fortalecem moedas,"Dos 5 países que lideram o combate à Covid-19, todos, exceto um, registraram ganhos em suas moedas em relação ao dólar em janeiro
The post Países com rápida distribuição de vacinas fortalecem moedas appeared first on InfoMoney.",https://www.infomoney.com.br/mercados/paises-com-rapida-distribuicao-de-vacinas-fortalecem-moedas/,InfoMoney,,business,pt,br,2021-02-04T17:57:41+00:00
Bloomberg,Países com rápida distribuição de vacinas fortalecem moedas,"Dos 5 países que lideram o combate à Covid-19, todos, exceto um, registraram ganhos em suas moedas em relação ao dólar em janeiro
The post Países com rápida distribuição de vacinas fortalecem moedas appeared first on InfoMoney.",https://www.infomoney.com.br/mercados/paises-com-rapida-distribuicao-de-vacinas-fortalecem-moedas/,InfoMoney,,business,pt,br,2021-02-04T17:57:41+00:00
Bloomberg,Países com rápida distribuição de vacinas fortalecem moedas,"Dos 5 países que lideram o combate à Covid-19, todos, exceto um, registraram ganhos em suas moedas em relação ao dólar em janeiro
The post Países com rápida distribuição de vacinas fortalecem moedas appeared first on InfoMoney.",https://www.infomoney.com.br/mercados/paises-com-rapida-distribuicao-de-vacinas-fortalecem-moedas/,InfoMoney,,business,pt,br,2021-02-04T17:57:41+00:00
Bloomberg,Países com rápida distribuição de vacinas fortalecem moedas,"Dos 5 países que lideram o combate à Covid-19, todos, exceto um, registraram ganhos em suas moedas em relação ao dólar em janeiro
The post Países com rápida distribuição de vacinas fortalecem moedas appeared first on InfoMoney.",https://www.infomoney.com.br/mercados/paises-com-rapida-distribuicao-de-vacinas-fortalecem-moedas/,InfoMoney,,business,pt,br,2021-02-04T17:57:41+00:00
Bloomberg,Países com rápida distribuição de vacinas fortalecem moedas,"Dos 5 países que lideram o combate à Covid-19, todos, exceto um, registraram ganhos em suas moedas em relação ao dólar em janeiro
The post Países com rápida distribuição de vacinas fortalecem moedas appeared first on InfoMoney.",https://www.infomoney.com.br/mercados/paises-com-rapida-distribuicao-de-vacinas-fortalecem-moedas/,InfoMoney,,business,pt,br,2021-02-04T17:57:41+00:00
lucasbombana,Qual a melhor alternativa para fazer o hedge da sua carteira hoje? Gestores contam suas estratégias,"Aumentar o caixa, expandir a alocação em dólar, recorrer aos derivativos e procurar ativos mais líquidos estão entre as opções mencionadasThe post Qual a melhor alternativa para fazer o hedge da sua carteira hoje? Gestores contam suas estratégias appeared first on InfoMoney.",https://www.infomoney.com.br/onde-investir/qual-a-melhor-alternativa-para-fazer-o-hedge-da-sua-carteira-hoje-gestores-contam-suas-estrategias/,InfoMoney,,business,pt,br,2021-03-11T18:04:44+00:00
Redação,Preços do petróleo caem mais de 7% e registram pior sessão desde setembro,"Dólar mais forte no exterior, aumento adicional nos estoques da commodity e de combustíveis nos Estados Unidos e noticiário sobre a Covid-19 guiam quedaThe post Preços do petróleo caem mais de 7% e registram pior sessão desde setembro appeared first on InfoMoney.",https://www.infomoney.com.br/mercados/precos-do-petroleo-caem-mais-de-7-e-registram-pior-pregao-desde-setembro/,InfoMoney,,business,pt,br,2021-03-18T19:04:07+00:00
Ricardo Bonfim,Quais são as primeiras impressões do mercado sobre a anulação das condenações de Lula pelo STF? 5 analistas comentam,"Sessão é de forte perda para o Ibovespa e de disparada para o dólar, com analistas e economistas vendo aumento da chance de populismo no radarThe post Quais são as primeiras impressões do mercado sobre a anulação das condenações de Lula pelo STF? 5 analistas comentam appeared first on InfoMoney.",https://www.infomoney.com.br/mercados/quais-sao-as-primeiras-impressoes-do-mercado-sobre-a-anulacao-das-condenacoes-de-lula-pelo-stf-5-analistas-comentam/,InfoMoney,,business,pt,br,2021-03-08T20:38:18+00:00
,Banco Central registra lucro de R$ 469 bilhões em 2020,"Alta do dólar gerou a maior parte do resultado positivo, por conta da valorização das reservas internacionais. Parte do resultado positivo já foi repassado ao Tesouro para ajudar na administração da dívida pública. O Banco Central informou que registrou um lucro de R$ 469,611 bilhões em 2020. O balanço do BC foi aprovado nesta quinta-feira (26) pelo Conselho Monetário Nacional (CMN), formado pelos ministros da Economia, pelo secretário especial de Fazenda da pasta e pelo presidente do BC. Segundo o governo, no primeiro semestre de 2020 o BC teve lucro de R$ 503,22 bilhões, enquanto...",https://g1.globo.com/economia/noticia/2021/02/26/banco-central-registra-lucro-de-r-469-bilhoes-em-2020.ghtml,G1 - Economia,,business,pt,br,2021-02-26T17:34:28+00:00
,Instagram remove centenas de contas hackeadas em razão de nomes de usuários valiosos,"Perfis com grande alcance podem ser vendidos por dezenas de milhares de dólares.  Instagram remove centenas de contas hackeadas
Thiago Lavado/G1
O Instagram excluiu nesta quinta-feira (4) centenas de contas que foram hackeadas e vendidas por causa de seus nomes de usuário de alto valor. A rede social também eliminou contas de pessoas por trás dessa ação.
Os nomes de usuário, que podem ser vendidos por dezenas de milhares de dólares, costumam ser palavras curtas valorizadas por sua escassez, como @food ou letras como @B. Empresas de mídia social, incluindo o Instagram, têm regras contra a venda de contas.
Uma porta-voz do Facebook, grupo dono do Instagram, disse que as pessoas envolvidas nesta prática são figuras populares em uma comunidade conhecida como OGUsers, que troca nomes de usuários desejáveis por sites populares do Twitter ao Netflix por dinheiro e influência.
As pessoas acusadas de participar de um grande ataque ao Twitter no ano passado, quando uma série de contas de personalidades e políticos foram sequestradas, também têm ligações com essa prática e com o fórum online OGUsers.
Foi a primeira vez que o Facebook compartilhou suas ações de fiscalização sobre essa atividade, embora tenha afirmado que esteja removendo continuamente contas que promovem tal prática.
A porta-voz do Facebook disse que 'phishing' e troca de SIM - onde os hackers obtêm acesso a um telefone para entrar nas contas associadas a ele - são formas populares de roubar nomes de usuário do Instagram. Mas ela disse que o Facebook também registrou um aumento em métodos como assédio e extorsão.
Download seguro: saiba como baixar programas legítimos
O Facebook, que afirmou estar trabalhando com a polícia, disse que muitas pessoas envolvidas nessa prática são menores de idade. A companhia disse que enviou alertas para cerca de uma dezena de pessoas por trás do ataque hacker e da venda de cerca de 400 contas.
As contas desativadas incluíam as de swappers, que movem os nomes de usuário para novas contas do Instagram e intermediários, que supervisionam as transações entre os compradores e vendedores de nomes de usuário e recebem uma parte do dinheiro, geralmente em bitcoin.
Ações de Twitter e TikTok
O Twitter e o TikTok também disseram que recentemente tomaram medidas contra OGUsers. O Twitter também suspendeu permanentemente uma série de contas da rede OGUsers, disse um porta-voz, acrescentando que sua investigação foi feita em conjunto com o Facebook. 
Uma porta-voz da TikTok disse que recentemente recuperou uma série de nomes de usuário que OGUsers registraram com o objetivo de vendê-los com lucro.",https://g1.globo.com/economia/tecnologia/noticia/2021/02/04/instagram-remove-centenas-de-contas-hackeadas-em-razao-de-nomes-de-usuarios-valiosos.ghtml,G1 - Economia,https://s2.glbimg.com/68PBjmoUWsSXKR95UxuvBYjPWPI=/i.s3.glbimg.com/v1/AUTH_59edd422c0c84a879bd37670ae4f538a/internal_photos/bs/2019/q/u/c5EdnoTBe2XK3ZAKSIwg/instagram-thiagolavadog1.jpg,business,pt,br,2021-02-04T20:10:30+00:00
